{
  "n_estimators": 300,
  "learning_rate": 0.00965377328885368,
  "num_leaves": 45,
  "min_child_samples": 38,
  "subsample": 0.8915046079722405,
  "colsample_bytree": 0.7396752184286884,
  "reg_alpha": 2.7698623616220774,
  "reg_lambda": 4.4317860991437215,
  "max_depth": 3,
  "subsample_freq": 1
}